{"stat.killEntity.Skeleton":1,"stat.walkOneCm":3976,"achievement.openInventory":14,"stat.mineBlock.minecraft.diamond_ore":1,"stat.leaveGame":1,"stat.useItem.mbv.DBPickaxe":34,"stat.damageTaken":190,"stat.useItem.minecraft.cobblestone":7,"stat.mobKills":1,"stat.mineBlock.minecraft.coal_ore":4,"stat.pickup.minecraft.cobblestone":7,"stat.useItem.mbv.tutorial_sword":3,"stat.flyOneCm":3041,"stat.pickup.minecraft.diamond":1,"stat.jump":30,"stat.playOneMinute":3131,"stat.fallOneCm":209,"stat.useItem.minecraft.diamond_ore":1,"stat.sneakTime":11,"stat.damageDealt":200,"stat.crouchOneCm":11,"stat.timeSinceDeath":3131,"stat.pickup.minecraft.dirt":4,"stat.sprintOneCm":3447,"stat.mineBlock.minecraft.dirt":4,"stat.pickup.mbv.ItemChunk":640,"stat.mineBlock.minecraft.stone":25,"achievement.exploreAllBiomes":{"value":0,"progress":["Taiga"]},"stat.craftingTableInteraction":1}