{"stat.craftItem.mbv.ItemDBSword":64,"stat.flyOneCm":16913,"stat.drop.mbv.ItemChunk":1,"stat.walkOneCm":4334,"stat.drop":1,"stat.jump":31,"stat.playOneMinute":3376,"achievement.openInventory":13,"stat.useItem.minecraft.stone":1,"stat.leaveGame":1,"stat.sneakTime":34,"stat.craftItem.minecraft.diamond_block":7,"stat.crouchOneCm":217,"stat.timeSinceDeath":3376,"stat.useItem.minecraft.crafting_table":1,"stat.sprintOneCm":2434,"stat.pickup.mbv.ItemChunk":1,"achievement.exploreAllBiomes":{"value":0,"progress":["Taiga"]},"stat.craftingTableInteraction":1}